filename,dice,iou
0_472.png,0.6870341291444803,0.5232688407898782
0_473.png,0.755726660302486,0.6073638615211208
0_474.png,0.7292673108435452,0.5738951371538428
0_475.png,0.7078914324914728,0.5478575488000904
0_476.png,0.7645147446989732,0.6187971418490151
0_477.png,0.7996325448776265,0.6661564686171926
0_478.png,0.7882640587228475,0.6505246167438375
0_479.png,0.7383315576481184,0.5852025246421515
0_480.png,0.735422809011019,0.5815562816805594
0_481.png,0.7793825307762217,0.6385149733644049
0_482.png,0.7338968788758612,0.579650161753527
0_483.png,0.7598130486453979,0.6126600895849439
0_484.png,0.7929022849228443,0.6568666936310691
0_485.png,0.7991380637603629,0.6654703923143199
0_486.png,0.819324897897877,0.6939461131176691
0_487.png,0.8304948586458678,0.7101250172722472
0_488.png,0.8445565850751662,0.730937209232141
0_489.png,0.8195769720460446,0.6943078478631499
0_490.png,0.7674174025662432,0.6226093117320467
0_491.png,0.6917143739172955,0.5287181638379839
0_492.png,0.7066071208440086,0.546320559136827
0_493.png,0.6507771679686863,0.4823348320264037
0_494.png,0.6493214168074609,0.4807371827564118
0_495.png,0.6502541511944673,0.48176043798002544
0_496.png,0.6846188955368784,0.5204718946456862
0_599.png,0.7770542042288224,0.6353954582476917
0_600.png,0.785313195908289,0.6465149644735524
0_601.png,0.8588599919528742,0.7526333192798482
0_602.png,0.8870002795954709,0.7969456446312942
0_603.png,0.7074816907502077,0.5473668618815766
0_604.png,0.6689543578649273,0.5025780760835975
0_605.png,0.6952116265140375,0.5328156203537538
0_606.png,0.5167817473681231,0.34841922060137664
0_607.png,0.7072950614922799,0.5471434668009373
0_608.png,0.7257810190879617,0.5695889247188256
0_609.png,0.7330194350498348,0.5785561794976848
0_610.png,0.7968934662060628,0.6623631772558878
0_611.png,0.8196146103481119,0.6943618733519995
100_33.png,0.49695216777120227,0.3306296427961204
100_34.png,0.5493070363224102,0.3786514791065011
100_35.png,0.5061372365037118,0.33881106683116463
100_36.png,0.513990905981988,0.34588678369897474
100_37.png,0.5173433189485129,0.3489299482826133
100_38.png,0.5338025047747698,0.3640727163981872
100_39.png,0.5935225078601215,0.42199218349593487
100_40.png,0.5862336766400745,0.41466094292798494
100_41.png,0.5956749489347496,0.42417170338416377
105_316.png,0.5397232596411089,0.3696034078992579
105_317.png,0.5237788513662074,0.3548105593258947
105_318.png,0.5975588834100195,0.42608482909664547
105_319.png,0.6721461437035422,0.50618984957099
105_320.png,0.6758664688465298,0.5104216855876109
105_321.png,0.68244537609561,0.5179636303352585
105_322.png,0.6228545390584206,0.4522794118653898
105_323.png,0.6603585389324224,0.49293677315310963
105_324.png,0.6306334012954249,0.46052927094989343
105_325.png,0.622252573586482,0.4516448818747898
105_326.png,0.6047642557881061,0.43344951444004004
105_327.png,0.6111545770014587,0.44004506689556927
105_328.png,0.6976974849879282,0.5357414863375602
105_329.png,0.6468800998199732,0.47806561695172556
105_330.png,0.6442922798240742,0.4752442361322305
105_331.png,0.6542103371127316,0.4861163339430173
105_332.png,0.6358631282118073,0.46612853990799774
105_333.png,0.6213249405566228,0.45066815154961615
105_37.png,0.6640864061724928,0.4971028136184284
105_38.png,0.695156292052363,0.5327506182421483
105_39.png,0.6740147512557774,0.5083124054070458
105_40.png,0.6512751819332236,0.48288218121073373
105_41.png,0.5692390307688856,0.3978575339122906
105_42.png,0.5727399905688623,0.40128637168665565
105_43.png,0.6213733617540749,0.450719103038804
105_44.png,0.611916518874573,0.4408355313339136
105_45.png,0.5808820470583647,0.4093261211414565
105_46.png,0.5976441010850092,0.4261714887138088
105_47.png,0.6035244328757979,0.43217686520954257
10_170.png,0.6482749179334896,0.47959080337634935
10_171.png,0.6812231341145898,0.516556782162917
10_172.png,0.6262239532584716,0.45584136865943514
10_173.png,0.7385419959947869,0.5854669705760971
10_174.png,0.7562472727981825,0.6080366751143581
10_175.png,0.648105467030491,0.47940534660413076
10_176.png,0.6248793331231067,0.45441781822827215
10_177.png,0.6728725319275275,0.5070142456045216
10_178.png,0.6220582241816535,0.45144013717843995
10_179.png,0.5484161267911418,0.3778053318343942
10_180.png,0.6319202200451594,0.4619030479175956
10_181.png,0.6059771330127208,0.43469669506139275
10_182.png,0.5132913978411417,0.34525353334390096
10_183.png,0.5368329660828102,0.366897936971221
10_184.png,0.6522906762314169,0.48399952781366246
10_185.png,0.6968920483350777,0.5347922614859524
10_186.png,0.6400775946382002,0.4706721443938513
10_187.png,0.6841321231286607,0.5199094341071971
10_188.png,0.6761362525334789,0.5107294870209477
10_38.png,0.5585491361840461,0.3874909303765807
10_39.png,0.5933692621483068,0.4218372642530077
10_40.png,0.5897827364279149,0.41822118603758013
10_41.png,0.608240631014693,0.4370300244963402
10_42.png,0.6579714060356227,0.490281212407188
10_43.png,0.7000541745018852,0.5385256530411416
10_44.png,0.6644124478096772,0.4974682841371387
10_45.png,0.6750517850084812,0.5094929578846498
10_46.png,0.6787159224716006,0.5136790294432008
10_47.png,0.6265085096052074,0.45614298601778736
10_48.png,0.6307630815858118,0.46066759754774267
10_49.png,0.6854667072656075,0.5214525270262944
10_497.png,0.5774489955493772,0.40592498535045757
10_498.png,0.5731320563914227,0.40167140838334114
10_499.png,0.5693518896944026,0.397967806118136
10_50.png,0.5861517086853177,0.41457892787297446
10_500.png,0.5483560124469492,0.37774827522423743
10_501.png,0.5428905110156365,0.37258045137406715
10_502.png,0.5650777825660048,0.3938037726291452
10_503.png,0.5346930506470328,0.36490173677871357
10_504.png,0.5637562992520587,0.39252133815763113
10_505.png,0.5463458353186571,0.37584306410540064
10_51.png,0.5802029587837322,0.4086520411391267
110_183.png,0.6972450359294636,0.5352081206795173
110_184.png,0.7086567668518696,0.5487749103074894
110_185.png,0.6966395112788595,0.5344948825945406
110_186.png,0.7064068210215817,0.5460811270588373
110_187.png,0.6390796164266785,0.4695936840093997
110_188.png,0.5083573817799487,0.3408037392863641
110_189.png,0.3881600634886413,0.24081799622052433
110_190.png,0.19681321953496117,0.10914743940879258
110_336.png,0.5442142088880229,0.373828493377853
110_337.png,0.5724302551628089,0.4009823389067157
110_338.png,0.5716235687202519,0.40019112348690605
110_339.png,0.5286314498030695,0.35927874753605
110_34.png,0.7411758424127061,0.5887842539552658
110_340.png,0.5539382601117633,0.3830668116781268
110_341.png,0.5359613917297464,0.3660841925753739
110_342.png,0.5550061326505705,0.3840889191786978
110_35.png,0.77885637104388,0.6378089789281431
110_36.png,0.8330522765911463,0.7138728324618263
110_37.png,0.8322311046816441,0.7126676417485553
110_38.png,0.7885618097900887,0.6509302878466363
110_600.png,0.6830243081284312,0.5186309150676022
110_601.png,0.6798127038546486,0.5149365593102927
110_602.png,0.6381952727690104,0.46863934312728106
110_603.png,0.6685068669686074,0.5020730865611005
110_604.png,0.7164747616136784,0.5582085495869767
110_605.png,0.7392495784541,0.58635679662112
110_606.png,0.7072556314321955,0.5470962772648367
110_607.png,0.6967970812199072,0.5346804179500088
110_608.png,0.7065009702269932,0.5461936607854998
110_609.png,0.7255796913820117,0.569340967450988
110_610.png,0.8062646360621374,0.6754132117325913
110_611.png,0.7008393569076331,0.5394555020632122
110_612.png,0.7306424596583919,0.5756002044453146
115_160.png,0.6044799401833406,0.4331574713305441
115_161.png,0.60940069180144,0.4382288185495042
115_162.png,0.5923767551870524,0.4208347350581326
115_163.png,0.6446921772016873,0.47567952199354496
115_164.png,0.6517830447003442,0.48344077133968866
115_165.png,0.6639459556503069,0.4969454331266472
115_166.png,0.6893042334785806,0.5259071183236671
115_167.png,0.6088574853938462,0.4376672261036535
115_168.png,0.5958344079131332,0.42433343428885234
115_169.png,0.638048519205403,0.46848109370396784
115_29.png,0.598543565369529,0.42708681533103804
115_30.png,0.5828100791847814,0.41124345491361886
115_31.png,0.6947318350113612,0.5322521867593834
115_32.png,0.6854029122534586,0.5213786937080325
115_33.png,0.7367114691760615,0.5831696016373792
115_34.png,0.7237222095522067,0.5670569644540417
115_35.png,0.735688768899606,0.5818889770917994
115_36.png,0.6786148363968822,0.513563232878036
115_37.png,0.6829546572867209,0.5185506035611929
115_38.png,0.6341959503070561,0.4643389002594567
115_39.png,0.6577630006616552,0.4900498206212113
115_40.png,0.6552055647316245,0.4872161481673069
115_41.png,0.6767993354586513,0.5114865444731923
115_42.png,0.6261329177817457,0.4557449013648314
115_43.png,0.5779553801786163,0.40642562984222036
115_44.png,0.5362007823788563,0.366307602860109
115_45.png,0.5338681343323745,0.3641337774130736
115_46.png,0.5445717172788406,0.3741659577774918
115_535.png,0.6463394867813886,0.47747532011455907
115_536.png,0.6472362154060457,0.47845471830818115
115_537.png,0.564683607140114,0.3934209976562207
115_538.png,0.6058918223429022,0.43460890061785895
115_539.png,0.5706400450483586,0.3992276705205531
115_540.png,0.5945975523748157,0.42307991812934304
115_541.png,0.6278508508049051,0.4575674964214324
120_194.png,0.6453959813689173,0.4764462326712928
120_195.png,0.6337398896349031,0.4638501006476629
120_196.png,0.6997035755740986,0.5381108203450892
120_197.png,0.6965468640314945,0.534385813249484
120_198.png,0.6906392996415163,0.5274629821369486
120_199.png,0.689404615723136,0.5260239918857974
120_200.png,0.6990028731167038,0.5372824111083233
120_201.png,0.7272314270808082,0.571377580034145
120_202.png,0.7530545996972492,0.6039194655753124
120_203.png,0.7969751046138468,0.6624759867562006
120_204.png,0.823407365520283,0.6998236615101464
120_205.png,0.7629180657040192,0.6167077900089982
120_206.png,0.7358671441430249,0.5821121892311559
120_207.png,0.81603354087536,0.6892370426845055
120_208.png,0.7633851468400653,0.6173184358463402
120_209.png,0.8415281997587318,0.7264123301317357
120_210.png,0.802400342937499,0.6700071582836217
120_211.png,0.8190875721324253,0.6936056839216236
120_212.png,0.8501850099216617,0.7394102680019726
120_213.png,0.8771863190312426,0.7812394290706856
125_197.png,0.7854532866855021,0.6467048801902168
125_198.png,0.717860002598102,0.5598920586646273
125_199.png,0.7358572919882477,0.5820998589512565
125_200.png,0.8108571112963641,0.6818836651410606
125_201.png,0.8227191751686702,0.6988300139149174
125_202.png,0.799284921731878,0.6656740939066855
125_203.png,0.8194333941144458,0.6941017898186174
125_204.png,0.8016708640752425,0.6689905469836276
125_324.png,0.7642774081203342,0.6184862307879277
125_325.png,0.8044046823191106,0.6728068188717213
125_326.png,0.8163957334001215,0.6897539629307611
125_327.png,0.829331196419784,0.708425127508588
125_328.png,0.8214404696678905,0.6969868288822867
125_58.png,0.9032792078497349,0.8236182028579594
125_59.png,0.9002410419595048,0.8185803219842744
125_60.png,0.8749258688298219,0.7776606399631613
125_61.png,0.8727106772354792,0.7741674294560714
125_62.png,0.8529179966255942,0.7435545097401958
125_63.png,0.8598211267316367,0.754110733776464
125_64.png,0.8221908921686903,0.6980680372835217
125_65.png,0.8328817685796441,0.7136224473112367
125_66.png,0.8701817110834427,0.7701961630849927
125_67.png,0.8611293210706996,0.7561256400982636
125_68.png,0.8598157450672331,0.7541024543817597
125_69.png,0.8349254950158271,0.7166284142970674
125_70.png,0.8539530080192148,0.7451291387010203
125_71.png,0.8403511506061658,0.7246600133083694
125_72.png,0.8542816477555747,0.7456297144128928
125_73.png,0.8633685380905182,0.7595852895576211
125_74.png,0.8659249481558676,0.7635517127118212
125_75.png,0.8776360191042211,0.7819531222178567
125_76.png,0.894824529562464,0.809667381803663
125_77.png,0.880857901826555,0.7870831624397657
125_78.png,0.8404421986539374,0.7247954329733977
125_79.png,0.857273446834858,0.7501999883421068
130_170.png,0.6116893255038559,0.4405997424292843
130_171.png,0.6085312916099038,0.4373302022753303
130_172.png,0.5911570441229067,0.4196046420554197
130_173.png,0.5681499388831961,0.39679429739316874
130_174.png,0.6049297325109363,0.43361954354368204
130_175.png,0.6216531594779883,0.4510135920000432
130_176.png,0.6186803501198325,0.44789079070902005
130_177.png,0.655634702026807,0.4876908851346652
130_178.png,0.6340928161695455,0.46422833393246654
130_179.png,0.6437600552182159,0.4746653110914214
130_180.png,0.6556611014111122,0.4877200995870198
130_181.png,0.6259738148123976,0.45557633591639013
130_182.png,0.6917316333784455,0.5287383316125349
130_183.png,0.6593084481409687,0.4917674369758779
130_184.png,0.6093267449796698,0.43815234303848755
130_185.png,0.5945286841712335,0.42301018710875116
130_186.png,0.5716480840304229,0.4002151554890283
130_508.png,0.47225945671817116,0.30912281467415886
130_509.png,0.4441436139723155,0.28546568826407925
130_510.png,0.42527091707117126,0.2700597339452161
130_511.png,0.465223087532536,0.3031209838094184
130_512.png,0.4914515790553992,0.3257777956169028
130_513.png,0.502901470353453,0.3359174165858135
130_514.png,0.4981547124854996,0.3316950931792814
130_515.png,0.48658204777611674,0.3215120100530203
130_516.png,0.5089992495420368,0.34138094798340185
130_517.png,0.5004970111928952,0.33377526755166537
130_518.png,0.5032142117227879,0.33619654579547487
130_519.png,0.5028166305538709,0.3358417151207984
130_520.png,0.4860664165939744,0.32106191580154136
130_521.png,0.4823910657111343,0.31786256320935613
130_522.png,0.4447213949021397,0.28594323456481185
130_523.png,0.4599342243344208,0.2986458316867539
130_524.png,0.4323531991841099,0.2757975833904805
130_525.png,0.40328961333275637,0.2525753053237185
130_526.png,0.42895016627922666,0.27303409298046355
130_527.png,0.41484271039232623,0.26170444612441196
130_528.png,0.42220065102749377,0.2675883035488585
130_529.png,0.42886115453527907,0.27296197015729085
130_530.png,0.4703377387168983,0.3074781608650575
130_531.png,0.4449932002997292,0.286168009370272
135_794.png,0.47901374000587854,0.3149362704755178
135_795.png,0.5696863721905336,0.3982947244919298
140_325.png,0.5932310355764411,0.42169755704815587
140_326.png,0.6281543584048379,0.45788996911103286
140_327.png,0.6362794241456268,0.46657609737476974
140_328.png,0.6320202055958168,0.46200989826627564
140_329.png,0.594488299089974,0.4229692991946198
140_330.png,0.654554682539329,0.4864966818740487
140_331.png,0.6417980110184004,0.4725350251820599
140_332.png,0.6068035812254986,0.4355477613181654
140_333.png,0.6609808485893915,0.49363061606593145
140_334.png,0.654177964044388,0.4860805861503079
140_335.png,0.6369878571121702,0.4673383582695818
140_336.png,0.5841955530456463,0.41262446544014725
140_337.png,0.6151969027714835,0.44424864736811953
140_338.png,0.7050518662677417,0.5444634019984677
140_339.png,0.6652673526601974,0.49842742216896924
140_340.png,0.5889948866985427,0.41742930708796555
140_44.png,0.7282626812902647,0.5726518130934641
140_45.png,0.803566706529065,0.671635193494654
140_46.png,0.8269315447414949,0.7049303397980149
140_47.png,0.7789458177038077,0.6379289543704771
140_48.png,0.7258277586077563,0.5696465007432201
140_49.png,0.7932410613855783,0.6573318299437332
140_50.png,0.7642685370977687,0.6184746120658297
140_51.png,0.7383428823558459,0.5852167534870548
140_52.png,0.8572490997478033,0.750162699135098
140_53.png,0.8257012804183148,0.7031441546172723
140_54.png,0.8532657689855604,0.7440832809665217
140_55.png,0.8440113697390946,0.7301208227049003
140_56.png,0.8347960195502886,0.7164376654928089
140_57.png,0.8157997017385277,0.6889034760118914
140_58.png,0.7836283225249158,0.6442342723591562
140_59.png,0.8282396472443586,0.7068336501767685
140_60.png,0.8418833324503523,0.7269417288122737
140_61.png,0.7938159682985707,0.6581217687077519
145_49.png,0.6362681006624357,0.4665639199642593
145_50.png,0.6103119232940676,0.4391718786377869
145_51.png,0.55785013644926,0.38681842339668393
145_52.png,0.5408044800085587,0.3706182431833172
145_53.png,0.5387770784651016,0.36871655282446303
145_54.png,0.5667148067991684,0.39539570321491346
145_55.png,0.5423988707172275,0.3721174880404566
145_56.png,0.612619611854016,0.4415657141766252
145_57.png,0.5878766413353054,0.4163068600218021
145_58.png,0.6000484757621394,0.42862089540260834
150_187.png,0.7899101485799994,0.6527698316826024
150_188.png,0.7822497723519714,0.64237292233182
150_189.png,0.7562326870154165,0.6080178174619387
150_190.png,0.7661572990446022,0.620952167163496
150_191.png,0.7661970261066938,0.6210043599925442
150_192.png,0.8130055234398174,0.6849278067761202
150_193.png,0.8192516465485631,0.693841023955808
150_194.png,0.8367682461633539,0.7193478371310514
150_195.png,0.7735071791686988,0.6306658841212491
150_46.png,0.6966923798055868,0.5345571291614194
150_47.png,0.655769997460806,0.4878406197467219
150_48.png,0.6400210782367607,0.47061102790299514
150_49.png,0.6381491102864523,0.4685895608477272
150_50.png,0.6435257943692603,0.4744106388148279
150_51.png,0.6369655402383343,0.4673143336471702
150_52.png,0.7202245178575,0.5627741177725735
150_53.png,0.8081781997319862,0.6781032194494475
150_54.png,0.7333670073262402,0.5789893454714842
155_175.png,0.8905771290643664,0.8027391109558287
155_176.png,0.87499537569519,0.7777704702887711
155_177.png,0.8339273491356566,0.7151589984990468
155_178.png,0.837880167566578,0.7209929167510828
155_179.png,0.7614875504953188,0.614840448996264
155_180.png,0.7831166755072356,0.6435429426872146
155_181.png,0.7686396155029287,0.6242198670938838
155_182.png,0.8216060398323122,0.6972252639150979
155_183.png,0.799134858039394,0.6654659463087927
155_184.png,0.7652938514559651,0.6198186122321976
155_185.png,0.7684028253873154,0.6239075903010383
155_186.png,0.7488658891369975,0.598549654016924
155_187.png,0.7491287512404249,0.598885578377339
15_24.png,0.7314406492535239,0.5765915870458518
15_25.png,0.7458048168843477,0.5946481273209642
15_26.png,0.7563130450900206,0.6081217159581608
15_27.png,0.7652722480434458,0.619790271072085
15_28.png,0.7401955122756706,0.5875479247228625
15_29.png,0.7396002498709556,0.586798156567587
15_30.png,0.7147591692730126,0.5561285886889323
15_31.png,0.7058637772410185,0.5454323624301614
15_32.png,0.7128548911920298,0.5538263606476483
15_33.png,0.6792705213286544,0.5143146513680849
15_34.png,0.6923370332520562,0.5294460812167188
15_35.png,0.6965578145389086,0.5343987039495695
15_36.png,0.7077136141819986,0.547644563923919
15_37.png,0.694953997400332,0.5325130271733718
15_38.png,0.7040066439693677,0.5432177879134426
15_39.png,0.7039169816143885,0.5431110289037332
15_40.png,0.6937484358883079,0.5310986451580071
15_41.png,0.6954977912237217,0.5331518694206786
15_42.png,0.6572710209379452,0.48950386209077634
160_32.png,0.7361289650369898,0.582439936282583
160_33.png,0.7510913187573848,0.6013981086632845
160_34.png,0.7432010626147102,0.5913444390674208
160_35.png,0.6973037444252111,0.5352773077247625
160_36.png,0.7291409858030706,0.573738689891605
160_37.png,0.7666187050583579,0.6215585628213472
160_38.png,0.7622483718396381,0.6158330593417093
160_39.png,0.7626736799587448,0.6163884721779839
160_40.png,0.7857557964984915,0.6471151307685643
160_41.png,0.7607527148057579,0.6138828980567326
160_42.png,0.7353814445882132,0.581504550509665
160_43.png,0.7003955395986061,0.5389297751669767
165_10.png,0.5196952696864711,0.3510731670121351
165_11.png,0.5492490661833405,0.378596389979086
165_12.png,0.6227484845342691,0.45216757989418044
165_140.png,0.5876726887386629,0.41610233280056347
165_281.png,0.6151164633857785,0.44416475986672643
165_282.png,0.5564881501134477,0.38550992862864253
165_283.png,0.5815610533164133,0.4100007651248181
165_284.png,0.5870181566332416,0.4154463551663841
165_285.png,0.6246665231197425,0.4541927712158571
165_286.png,0.6161654789473031,0.44525950875615244
165_287.png,0.583460949541803,0.4118918920469632
165_288.png,0.6190693928148867,0.44829869778679365
165_5.png,0.5200909781069397,0.35143442639989636
165_6.png,0.5334194150869928,0.3637164031001696
165_7.png,0.5958609918789807,0.4243604006050165
165_8.png,0.545210321748814,0.3747691711111942
165_9.png,0.49495102887120357,0.328860414839111
170_219.png,0.6632851135019544,0.49620537652412383
170_220.png,0.7089489305629416,0.5491253966595195
170_221.png,0.7582508155325156,0.6106312168853056
170_65.png,0.7497259072813116,0.5996492382769595
170_66.png,0.7206622605353279,0.5633088420382172
170_67.png,0.7273318079411674,0.5715015214001358
170_68.png,0.7374508323038564,0.5840967236972648
170_69.png,0.7396181600243177,0.5868207051379952
170_70.png,0.7090051970534562,0.5491929134745683
170_71.png,0.6828748289320693,0.5184585671813743
170_72.png,0.6485935202731614,0.479939625911766
170_73.png,0.5783925071249845,0.4068580885289648
170_74.png,0.551963422327787,0.3811805798978441
175_37.png,0.8534643840953217,0.7443854096494865
175_38.png,0.8804979341383873,0.7865085389399414
175_39.png,0.862727290688957,0.7585931532951543
175_40.png,0.826813158325214,0.704758295083028
175_41.png,0.7679953148498619,0.6233704499181271
175_42.png,0.7660222370730907,0.6207747498559303
175_43.png,0.7637616206822756,0.6178109606499675
175_44.png,0.8041010338847827,0.6723820796736485
175_45.png,0.7772304017823406,0.6356311139475894
175_46.png,0.7969018769496886,0.6623747986251738
180_115.png,0.796634315008403,0.6620051784525698
180_116.png,0.7209999362539743,0.5637215796393353
180_117.png,0.7063494066340029,0.546012509323952
180_118.png,0.7245794279418754,0.5681101934948775
180_119.png,0.7420379386993667,0.5898730665755881
180_120.png,0.7873365088741514,0.6492621528285211
180_121.png,0.7742012246113251,0.6315891647057329
180_122.png,0.7499039721322226,0.5998770938027076
180_123.png,0.7275817153368765,0.5718101697768982
185_186.png,0.6621423103533817,0.49492731217214236
185_187.png,0.6824623561007991,0.5179831933544644
185_188.png,0.6763497652921331,0.5109731767566625
185_189.png,0.6907594062074301,0.5276031078865298
185_190.png,0.7114324699215239,0.5521111260085194
185_191.png,0.7528775007133373,0.6036916992430384
185_192.png,0.7195942913877127,0.5620049071920776
185_193.png,0.728622674596453,0.5730971129409267
185_194.png,0.7393656691473056,0.5865028828012858
185_195.png,0.789330367992625,0.6519783326302453
185_196.png,0.7690822079596299,0.6248038764132893
185_197.png,0.7319790766295764,0.5772610397814956
185_198.png,0.7446331304441127,0.5931597754900089
185_199.png,0.7196344783628631,0.5620539340223826
185_200.png,0.6856952050640183,0.5217170383687898
185_201.png,0.6601936760344977,0.4927530675819108
185_516.png,0.5869661455780696,0.41539425528222895
185_517.png,0.5629373688371526,0.39172779021339016
185_518.png,0.5422389344356735,0.3719669480213983
185_519.png,0.519013739008933,0.35045142061480833
185_520.png,0.5114376704710949,0.3435782703847335
185_521.png,0.5224431373960098,0.35358580822910635
185_522.png,0.6032820166308861,0.4319282946795005
185_523.png,0.6356558195733473,0.4659057653953944
185_524.png,0.5745240375226288,0.40304014428731055
185_525.png,0.6294195697336655,0.45923577770747787
185_526.png,0.6682736691367994,0.5018100594042575
185_527.png,0.5841019932697066,0.4125311219954452
185_528.png,0.5477166730710126,0.3771417484472413
185_529.png,0.4880060899874296,0.3227566505894631
185_530.png,0.4712409906031469,0.30825067118491056
185_531.png,0.49000161012880344,0.32450472366355215
185_532.png,0.4372109177329296,0.2797632276854556
185_533.png,0.39111249355770217,0.24309499087956526
185_534.png,0.38571546677157237,0.2389389596377153
185_535.png,0.3265001714687266,0.19510021218079102
185_536.png,0.44380056015794167,0.28518231592602844
185_537.png,0.38839642772120825,0.24099997947912571
185_538.png,0.5015053599437157,0.33467277537440226
185_618.png,0.8281211809573396,0.7066611048329978
185_619.png,0.8166542674871534,0.6901231356897929
185_620.png,0.7949758788146707,0.6597178138431556
185_621.png,0.7914936239078159,0.6549354141674714
185_622.png,0.7811018434901001,0.6408261751489575
185_623.png,0.8114719220196865,0.6827536825526281
185_624.png,0.8240119767981582,0.7006975926430484
185_625.png,0.8003219630229982,0.6671139575750505
185_626.png,0.8244170929584077,0.7012836679204408
185_627.png,0.8253948420849917,0.7026998277338256
185_628.png,0.825731113456346,0.7031874240700045
185_629.png,0.8165627450476592,0.6899924281318374
185_630.png,0.794672219638296,0.6592996798290705
185_631.png,0.799019239936073,0.6653056123358806
185_632.png,0.7942705754439102,0.6587469454671238
185_633.png,0.8220354232767749,0.6978439246469439
185_634.png,0.8484790900535503,0.7368334198366652
185_635.png,0.8002265242246425,0.6669813430882215
185_636.png,0.7972638536934495,0.6628751087207005
185_637.png,0.8691587428512508,0.7685948291949485
185_638.png,0.8091426685632557,0.6794623060607302
185_639.png,0.8382641585354713,0.7215617601318168
185_640.png,0.8319492503125794,0.712254369578292
185_641.png,0.8307826720304649,0.7105459799465612
185_642.png,0.8524791103226537,0.7428876615926199
185_643.png,0.8527550004057391,0.743306792138271
185_644.png,0.7868400199884308,0.6485871880083734
185_645.png,0.7543382997729567,0.6055723634218503
185_646.png,0.8088125894407994,0.6789969255190725
185_647.png,0.7693875864666537,0.6252070741828504
185_648.png,0.7964385374706656,0.6617348281038948
190_71.png,0.7807401512401283,0.6403394256586084
190_72.png,0.7672330497764437,0.6223666603665902
190_73.png,0.8120168824617042,0.6835256078233353
190_74.png,0.792008763730899,0.6556411503579446
190_75.png,0.7719339954211809,0.6285769596936791
190_76.png,0.683495227051073,0.5191741352904099
190_77.png,0.6732092204717585,0.5073966678941373
195_56.png,0.43626247387693307,0.2789870209483013
195_57.png,0.44094238591618357,0.2828262291361809
195_58.png,0.4649387473838939,0.3028796060587162
195_59.png,0.4678450453325313,0.30535099860029086
195_60.png,0.5101104456961769,0.3423813827763039
195_61.png,0.5182855493993519,0.34978774033555754
195_62.png,0.5074883379016984,0.3400230302242651
200_176.png,0.5085989298440752,0.3410208964794374
200_177.png,0.4973439772832383,0.3309765973474915
200_178.png,0.5427650983041026,0.3724623242054921
200_179.png,0.5930450435100776,0.42150961611092264
200_180.png,0.6037664455111529,0.43242510800049505
200_181.png,0.47934109532629693,0.3152193394302516
200_182.png,0.5480445071227039,0.3774526904644953
200_183.png,0.5901474183880069,0.4185880326575615
200_31.png,0.744416785251704,0.5928852636607795
200_32.png,0.7706489270491966,0.6268745715312976
200_33.png,0.6599195183716197,0.4924476757146039
200_334.png,0.7643163003476569,0.6185371714599323
200_335.png,0.8255938193713057,0.7029883127573685
200_336.png,0.8631998899624158,0.7593242491566851
200_337.png,0.8589946632429238,0.7528401801495694
200_338.png,0.8780805332589431,0.7826591473966305
200_339.png,0.8585218857119207,0.7521141886097557
200_34.png,0.734299679235719,0.5801528744678186
200_340.png,0.8367188987075153,0.7192749008072783
200_341.png,0.8366322233249481,0.7191468082016118
200_342.png,0.8160034394476685,0.6891940962280381
200_343.png,0.8644862990597013,0.7613173653266305
200_344.png,0.8514495150837623,0.7413252846086987
200_345.png,0.8194188573037444,0.6940809298979593
200_346.png,0.8508961347642389,0.7404867049374032
200_35.png,0.7320964626387155,0.5774070669703383
200_587.png,0.8130774347959943,0.6850298904672389
200_588.png,0.8439541810574204,0.7300352349884854
200_589.png,0.8477814372534082,0.7357817906219345
200_590.png,0.8558086532327785,0.7479593825647998
200_591.png,0.8624411353108767,0.7581507754127077
200_592.png,0.8517114098373989,0.7417224356024745
200_593.png,0.837776886860056,0.7208399810873097
200_594.png,0.8125294511777326,0.6842522974761377
200_595.png,0.7550862545576664,0.6065370049695169
205_196.png,0.7184860374134793,0.5606540844891724
205_197.png,0.7563414077014453,0.6081583904316293
205_198.png,0.7319162220164165,0.5771828602850707
205_199.png,0.7084550072080594,0.5485329672643445
205_200.png,0.6732021636429449,0.5073886505120241
205_201.png,0.6890716665498196,0.5256364127723852
205_202.png,0.6994941634533566,0.5378631482006607
205_203.png,0.6883493839562934,0.5247962952803804
205_204.png,0.7008681132167599,0.5394895779199849
205_205.png,0.6813806494586693,0.516737942021596
205_206.png,0.6484139281121652,0.47974297875052896
205_207.png,0.6635818163669702,0.49653755429624263
205_208.png,0.664402552176957,0.49745718915220893
205_209.png,0.6936591580643165,0.5309940069628366
205_210.png,0.6701476950997661,0.503926407983306
205_211.png,0.5986508133927475,0.4271960330649156
205_51.png,0.7329869920878751,0.5785157591473287
205_52.png,0.7885387309088275,0.6508988368486572
205_53.png,0.8120510739479266,0.6835740629643425
205_54.png,0.8446850255899477,0.7311296437102154
205_55.png,0.8209447218575454,0.6962733105929914
205_56.png,0.7827946727747515,0.6431081554577378
205_57.png,0.797308290906435,0.6629365488327422
205_58.png,0.8478195060412932,0.7358391419662398
205_59.png,0.8415819491568488,0.7264924338572916
205_60.png,0.8310579469059294,0.7109487974456324
205_61.png,0.7969638818623669,0.66246047801543
205_62.png,0.751434018791461,0.6018376522614345
205_63.png,0.7566126787072924,0.6085092438886222
205_64.png,0.7835240031077966,0.6440932703490204
205_65.png,0.7852563798367169,0.6464379535203844
205_66.png,0.7881368622217518,0.6503513785388291
205_67.png,0.7490360788981127,0.5987671317304872
20_298.png,0.8176662763306213,0.6915697827581618
20_299.png,0.5379783874154495,0.36796883372399997
20_300.png,0.6061684039677818,0.434893573868157
20_301.png,0.451723696154883,0.29175909701295927
20_302.png,0.6487301403902876,0.4800892552122413
20_303.png,0.7482157753850645,0.5977194477813782
210_55.png,0.7213729072932088,0.5641777117413678
210_56.png,0.7392273050733134,0.5863287713060117
210_57.png,0.7537511871079059,0.6048159720178593
210_58.png,0.7337200182303144,0.5794295328317765
210_59.png,0.7659184981271122,0.6206385048340055
210_60.png,0.7107969412678448,0.5513459935569556
210_61.png,0.6880659099692743,0.5244668274463807
210_62.png,0.6430404718888166,0.4738833094284319
210_63.png,0.6504983319580315,0.482028549809819
210_64.png,0.6366826412507587,0.46700985446874393
210_65.png,0.6240711174556924,0.45356349839501986
210_66.png,0.6078248630926826,0.436600860791502
210_67.png,0.6766488348862517,0.5113146478188397
210_68.png,0.7356818673265928,0.5818803419453178
210_69.png,0.7206744245603633,0.5633237062106491
210_70.png,0.789704772355793,0.6524893714815907
210_71.png,0.7585153053917765,0.6109743508916106
210_72.png,0.6819590936903411,0.5174035877561298
210_73.png,0.7216332940957437,0.5644963145557609
215_196.png,0.8182277344553384,0.692373444813322
215_197.png,0.8335017726363555,0.7145332526934192
215_198.png,0.8345901005547024,0.7161343841122447
215_199.png,0.8769568091414258,0.7808754073729345
215_200.png,0.8695053561343979,0.7691370860286444
215_201.png,0.8489340346208749,0.7375198817231465
215_202.png,0.8524244666935532,0.7428046712168896
215_203.png,0.8553792591406777,0.7473036514423821
215_204.png,0.8448541442320241,0.7313830890141386
215_69.png,0.6821444960619312,0.5176170635255826
215_70.png,0.6812073239912723,0.5165386011150459
215_71.png,0.7241709380809477,0.5676081222237218
215_72.png,0.6688539734123694,0.502464763514027
215_73.png,0.7041158332449456,0.543347817146414
215_74.png,0.784098034097312,0.6448694517434896
215_75.png,0.8222517549940684,0.6981557888159173
215_76.png,0.7447664424247784,0.5933289768789777
215_77.png,0.7542128990605849,0.6054107467677852
215_78.png,0.6605023674981737,0.4930970772289388
215_79.png,0.6613092905044983,0.4939970718096637
220_183.png,0.8749819992311113,0.7777493325937627
220_184.png,0.8498400747403134,0.7388886154880333
220_185.png,0.8861391039333446,0.7955563455749101
220_186.png,0.9213065921366468,0.8540949499046538
220_187.png,0.9193267322824696,0.850698133987529
220_188.png,0.9016031070630084,0.8208354492616308
220_526.png,0.7144191106736395,0.5557169654943067
220_527.png,0.7215010801466764,0.5643345246401102
220_528.png,0.8500688667456263,0.7392345873518648
220_529.png,0.8304544382996797,0.7100659140821005
225_166.png,0.8040558087060535,0.6723188377835491
225_167.png,0.7771204961523713,0.6354841124975703
225_168.png,0.8134004722433623,0.6854886195842748
225_169.png,0.801964575966929,0.6693997188383737
225_170.png,0.805095389055069,0.6737737738390843
225_171.png,0.7598965041934168,0.6127686171413503
225_172.png,0.7741898321746725,0.6315740010466573
225_173.png,0.7523263809589358,0.6029833199347889
225_174.png,0.7648202940170901,0.6191975874906097
225_175.png,0.7661318821393582,0.6209187765645322
225_176.png,0.7646667367442277,0.6189963142200177
225_177.png,0.7710461104042421,0.6274003581216621
225_178.png,0.7639225472366146,0.6180215856009741
225_179.png,0.7551146786597129,0.6065736865566846
225_180.png,0.7859252026650912,0.6473449613086542
225_181.png,0.8015675779246837,0.6688467060797483
225_182.png,0.7924731051747435,0.6562778093082522
225_183.png,0.7524565072903695,0.6031505207905988
225_184.png,0.7795335765975331,0.6387177571578326
225_185.png,0.6923940911131249,0.5295128191642834
225_281.png,0.6514425396790665,0.48306620882098417
225_282.png,0.6988715497056739,0.5371272525770565
225_283.png,0.7369065711278941,0.5834141436656585
225_284.png,0.7186939660857873,0.5609073454029181
225_285.png,0.6957262640444873,0.5334204353812068
225_286.png,0.7478724704031239,0.5972813892885953
225_287.png,0.7298830238168535,0.5746581122419471
225_288.png,0.7088114267914842,0.5489604241731717
225_289.png,0.6785693705769608,0.5135111564047516
225_290.png,0.6771665822309885,0.5119061653436423
225_291.png,0.6677442459525209,0.5012132572684694
225_292.png,0.6926526180635554,0.529815279153173
225_293.png,0.6654747869435557,0.4986603328893855
225_294.png,0.6513013275299708,0.4829109280476814
225_295.png,0.6723305312434339,0.5063990301156467
225_296.png,0.6910289904252667,0.5279177196594316
225_297.png,0.6387954800570758,0.4692869225393503
225_489.png,0.7741634307536908,0.6315388610643
225_490.png,0.7953611932236548,0.6602486893049014
225_491.png,0.8152901785912506,0.6881771079227188
225_492.png,0.8633066055899977,0.7594894189255884
225_493.png,0.8617005707751184,0.7570069427068444
225_494.png,0.8489893755021822,0.737603422123862
225_495.png,0.8095349276975935,0.6800156901432625
225_496.png,0.8537838955687619,0.7448716627677824
225_497.png,0.8099660301890989,0.6806242937374568
225_498.png,0.7825865698477266,0.6428272848864094
225_499.png,0.8021886838070845,0.6697120598229566
225_500.png,0.7951827502319464,0.6600027933081937
225_501.png,0.7275166285028767,0.5717297725429623
225_502.png,0.7387900844905136,0.5857788425644219
225_503.png,0.7580658538894932,0.6103913450723365
225_504.png,0.754293848623834,0.6055150709792781
225_505.png,0.7484652571788147,0.5980379382345096
225_506.png,0.7347390783855697,0.5807016291117637
225_507.png,0.7130836282349742,0.5541025383841159
225_508.png,0.762874360874398,0.6166506753973263
225_509.png,0.7269105108287615,0.5709814722850379
225_510.png,0.7411983326124757,0.5888126397245426
225_511.png,0.7032386823333622,0.5423038710443389
225_512.png,0.6776483193146313,0.512456957765352
225_513.png,0.6848720924243229,0.5207646256652106
225_514.png,0.6948441790064193,0.5323840785140806
225_515.png,0.7153932901444329,0.5568967410168119
225_516.png,0.7004594870561767,0.5390055024375371
225_517.png,0.7441378781619483,0.5925315090520775
225_518.png,0.7663158953763165,0.6211605487595213
225_519.png,0.8092993410734101,0.6796832898728012
230_12.png,0.7628004637078366,0.6165541138463823
230_13.png,0.7974895215977709,0.6631871704718654
230_14.png,0.8031115065199393,0.6709994380683818
230_15.png,0.7551242499820165,0.6065860388158306
230_16.png,0.8027720146511698,0.6705256012308347
230_17.png,0.7751823188957225,0.6328960880398662
230_18.png,0.8342575766651905,0.7156448628780182
230_19.png,0.8889845094800856,0.8001549187119277
230_20.png,0.8636534556837816,0.7600264725876844
230_21.png,0.8750383867495345,0.7778384404154238
230_22.png,0.8035783467986736,0.6716514572325284
230_23.png,0.73810102799402,0.5849129323455883
230_24.png,0.7076632600735849,0.5475842621045827
230_25.png,0.741651349898354,0.5893846271360906
230_291.png,0.47513632959566016,0.311592661617709
230_292.png,0.5164367753457783,0.3481056734456289
230_293.png,0.508461486097215,0.3408973227527493
230_294.png,0.5133714079057462,0.34532593460800565
230_295.png,0.5213045529613772,0.3525435572809163
230_296.png,0.4916690042646094,0.32596890585048444
235_206.png,0.6318644068363846,0.46184340943737195
235_207.png,0.8011246175802325,0.6682301007950806
235_208.png,0.7843803633393294,0.6452514748398749
235_209.png,0.8448897218096999,0.7314364159080755
235_210.png,0.8100984494973177,0.6808113236011056
235_211.png,0.8076604711024794,0.6773745662109895
235_212.png,0.7911260240605533,0.6544321739637299
235_213.png,0.7094248234693391,0.5496966286514992
235_214.png,0.6382744017259382,0.4687246847966888
235_50.png,0.7187836741133983,0.561016636812522
235_51.png,0.6520510731252308,0.48373574116575924
235_510.png,0.6926871687331415,0.5298557103126648
235_511.png,0.7380402561885979,0.5848366082007846
235_512.png,0.6503731573967845,0.48189109533581076
235_513.png,0.6590139638106082,0.491439840609518
235_514.png,0.5928961387998657,0.4213591869264492
235_515.png,0.6054719562783212,0.43417696695425206
235_516.png,0.5888772908593902,0.4173111857118464
235_517.png,0.5451976701517911,0.37475721549481084
235_518.png,0.5631224558279625,0.3919070613844757
235_519.png,0.5831823028274011,0.41161421407257204
235_52.png,0.6688839402393377,0.5024985878628386
235_520.png,0.4871244394565261,0.32198579462658833
235_521.png,0.394103414807051,0.24541020793926713
235_522.png,0.36490285664881483,0.2231689158225995
235_523.png,0.4712701755128042,0.30827564692013076
235_524.png,0.6414786922695466,0.47218890768577887
235_53.png,0.7011025850465019,0.5397674805152919
235_610.png,0.7767964730048063,0.6350508773995663
235_611.png,0.7502117806869866,0.600271125259767
235_612.png,0.7817333237909481,0.6416766863187692
235_613.png,0.773389614928098,0.6305095932610876
235_614.png,0.763338722750413,0.6172577219393323
235_615.png,0.7235641738884918,0.5668629469240498
235_616.png,0.7301295757249883,0.5749638402696249
235_617.png,0.7041280804063687,0.5433624032013384
235_618.png,0.6838444600027064,0.5195772378609745
235_619.png,0.724223073687495,0.5676721837587488
235_620.png,0.76526053110903,0.6197749002493586
235_621.png,0.7704293155901488,0.6265839983137158
235_622.png,0.7823293664480788,0.6424802774628209
235_623.png,0.7404576787224302,0.5878783636519221
235_624.png,0.7161707061618492,0.5578395115769674
235_639.png,0.7248508192578382,0.5684439360255277
235_640.png,0.7703622202608272,0.6264952435653914
235_641.png,0.7734635267413177,0.630607848733116
235_642.png,0.7623769409227655,0.6160009183617996
240_176.png,0.5739231518171003,0.4024489652320582
240_177.png,0.5423078779074838,0.3720318370142088
240_178.png,0.5837990985725952,0.4122290121831389
240_179.png,0.5359255297480447,0.3660507308304971
240_180.png,0.5543526007655678,0.3834632159534812
240_181.png,0.5462413301868375,0.37574416002150823
240_182.png,0.6050983961096416,0.4337928886875817
240_42.png,0.556855229844835,0.38586234827759314
240_43.png,0.602678853268696,0.43131019290040107
240_44.png,0.6110544153896191,0.4399412203262021
240_45.png,0.722371688777632,0.5654005022342673
240_46.png,0.6541200887158483,0.4860166819432928
240_47.png,0.6208054447951676,0.4501217341051125
240_48.png,0.695874287898845,0.5335944851789476
245_24.png,0.6646755446594296,0.4977633279151071
245_25.png,0.7012165532051714,0.5399025950112344
245_26.png,0.6336516058852009,0.4637555170380822
245_27.png,0.5893115942648987,0.4177475280557879
245_28.png,0.6217314456127606,0.45109601008723227
245_29.png,0.5653712224585885,0.39408886214608446
245_30.png,0.5116449392834854,0.34376537755264924
245_31.png,0.5465528676297464,0.3760390423203049
245_32.png,0.5318744656661694,0.36228132630939375
245_33.png,0.44320500173688626,0.28469066405599314
245_34.png,0.4424493325614828,0.28406737702353335
245_35.png,0.5242109284005496,0.35520721665214844
245_36.png,0.5200379238935067,0.3513859796726961
245_37.png,0.5302328242763239,0.36075974013140544
250_13.png,0.7086189698604285,0.5487295797427179
250_14.png,0.7094037907972313,0.5496713734552434
250_140.png,0.6106245833272672,0.4394957447240367
250_141.png,0.5905248510622624,0.4189679056264277
250_142.png,0.6387742626396962,0.4692640208080435
250_15.png,0.6741988324427319,0.5085218274382177
250_16.png,0.6664973826731586,0.49980957975690354
250_17.png,0.6895934687152429,0.5262439192266951
250_18.png,0.7466121294851561,0.5956752471649154
255_32.png,0.4200178977875655,0.26583712391456454
255_33.png,0.3954597253950309,0.24646294752892944
25_185.png,0.7741552826144955,0.6315280162897569
25_186.png,0.8255983903891579,0.7029949411351045
25_187.png,0.8561007274449172,0.7484056927133119
25_188.png,0.8289315321898987,0.7078420732889609
260_460.png,0.6267944411219467,0.4564461869334539
260_461.png,0.6769515353908709,0.5116604218131926
260_462.png,0.7276357363531691,0.5718769044570758
260_463.png,0.7238004931303242,0.5671530895571215
260_464.png,0.7197420057272134,0.5621851291161805
260_465.png,0.7485841703832934,0.5981897885148728
260_466.png,0.723822647674378,0.5671802954627968
260_467.png,0.7789315275058444,0.6379097856673929
260_468.png,0.7307918282837637,0.5757856312623569
260_469.png,0.6818160344432661,0.5172389077205364
260_470.png,0.6380879676378401,0.46852362895211197
260_471.png,0.6252785092703379,0.4548401356680123
260_472.png,0.6364562423770177,0.46676627640202006
260_473.png,0.6319903885251117,0.46197803239842195
260_474.png,0.6593062064424863,0.49176494267098364
265_166.png,0.7698997600211916,0.6258837573166183
265_167.png,0.7618838872624066,0.6153573800364334
265_168.png,0.7399696659701106,0.5872633745705219
265_169.png,0.7791448083695618,0.6381959250855669
265_170.png,0.7932763670192594,0.6573803192248713
265_171.png,0.769027274441281,0.6247313677416119
265_172.png,0.7889644496338579,0.6514791819641437
265_173.png,0.8045013170709485,0.6729420354950477
265_174.png,0.7543275729613058,0.6055585374173199
270_54.png,0.7640328292671017,0.6181659573122316
270_55.png,0.7619282298614675,0.6154152354280006
270_56.png,0.7396615951043793,0.586875391774418
270_57.png,0.774056713433209,0.6313968369912317
270_58.png,0.7575027990213414,0.6096615738557524
270_59.png,0.7348384157013217,0.5808257418347578
270_60.png,0.7983289614496911,0.6643490072336283
270_61.png,0.765748423520388,0.6204151877532822
270_62.png,0.8140928072616309,0.6864726112440602
270_63.png,0.7913463151971115,0.6547337133715383
270_64.png,0.822904760933594,0.6990978585705033
270_65.png,0.7338653096219852,0.5796107754082706
270_66.png,0.7848977346817125,0.6459519968975814
270_67.png,0.7326388889148201,0.5780821918453996
270_68.png,0.6775917689810839,0.512392280336563
275_199.png,0.6232342399792593,0.45267993884286456
275_200.png,0.6720339380687158,0.5060625850251393
275_201.png,0.6745489497099673,0.5089203027295741
275_202.png,0.5834208552658889,0.41185193041150736
275_203.png,0.594337899596303,0.4228170479241875
275_204.png,0.6092510304849239,0.4380740478038316
275_32.png,0.7744212337405337,0.6318820585806144
275_33.png,0.758611552752043,0.6110992529941913
275_34.png,0.7864643205801385,0.6480768006673762
275_35.png,0.79627277401062,0.6615059930948728
275_36.png,0.7837435832516694,0.6443900911777021
275_37.png,0.8234967658147226,0.6999528279356584
275_38.png,0.8498822214387071,0.7389523380187191
275_39.png,0.8144208932802403,0.6869393098223447
275_40.png,0.8017144741367138,0.6690512877473899
275_41.png,0.7907668973560749,0.6539408288277166
275_42.png,0.8275464546173679,0.7058245146728065
275_43.png,0.8280144119413637,0.7065056263549448
275_44.png,0.7966418441591195,0.6620155772613731
275_45.png,0.7924014743604195,0.6561795642912316
275_46.png,0.8010249408694206,0.6680914125780998
275_47.png,0.7985062753471313,0.6645946283316828
275_48.png,0.8446505531325444,0.731077991554316
275_49.png,0.873355042138486,0.7751821335262911
275_50.png,0.8056136921599951,0.6745001067966804
275_51.png,0.8187285587418228,0.6930909612969971
280_182.png,0.5437899563533112,0.3734282419044081
280_183.png,0.5791036991496148,0.4075622541130336
280_184.png,0.5139505114755912,0.34585019915266946
280_185.png,0.5135975036410108,0.3455305712843482
280_186.png,0.5786433925822774,0.40710641484863447
280_187.png,0.5751129244390044,0.4036200021671704
280_188.png,0.5899608298868474,0.4184003128961869
280_189.png,0.596971644729231,0.42548794012070906
280_190.png,0.5608988764661659,0.38975640236770837
280_191.png,0.4962964792483956,0.33004942296273587
280_192.png,0.5289932549889791,0.359613072385705
280_193.png,0.5194699767565573,0.35086757356229237
285_190.png,0.7389859441634596,0.5860251444309358
285_191.png,0.7150732564179001,0.5565089683347827
285_192.png,0.7270282304989734,0.5711267507700848
285_193.png,0.6907389453533922,0.5275792348223958
285_194.png,0.7134153771420377,0.5545032674151363
285_195.png,0.7491428466888082,0.5989035956204061
285_196.png,0.7025103448549416,0.5414381086672849
285_197.png,0.7462870079679261,0.5952614456023193
285_198.png,0.7452657887392804,0.5939630736851356
285_199.png,0.7747319213730207,0.6322958501284646
285_200.png,0.7553101899758471,0.6068260412624958
285_201.png,0.7045832826183795,0.5439047321303816
290_44.png,0.7047306515790843,0.5440803895516295
290_45.png,0.6910483551518884,0.5279403238104432
290_46.png,0.7536860847282616,0.6047321429747821
290_47.png,0.7806048387539103,0.6401574023212998
290_48.png,0.7889973662219543,0.6515240712808987
290_49.png,0.7586116125604295,0.6110993306439976
290_50.png,0.8261621717915716,0.7038128709126656
290_51.png,0.824130744801112,0.7008693706574869
290_52.png,0.8323696831535186,0.7128709071771253
290_53.png,0.7763151619744562,0.6344077641055432
295_291.png,0.42735377268376734,0.2717418357791826
295_292.png,0.5380588220436754,0.3680440980320819
295_293.png,0.5133997897326554,0.34535161931955666
295_294.png,0.43136997987572234,0.27499791192256373
295_295.png,0.6816672815527087,0.5170677114935811
295_296.png,0.3942315169889483,0.24550956221471334
295_297.png,0.4835210393548259,0.3188445419542352
295_298.png,0.6819933132679531,0.5174429843846913
295_299.png,0.4970628108390758,0.3307276010311635
295_300.png,0.43178541511088503,0.2753356712240932
295_301.png,0.2629319755318545,0.15136538819259282
295_302.png,0.2408317429879252,0.13690091461035142
295_303.png,0.11608404828225571,0.061618486014995255
295_38.png,0.652717379009422,0.48446953071130244
295_39.png,0.7441565788563963,0.5925552233820204
295_40.png,0.7093178971641717,0.5495682443438087
295_41.png,0.7895562102562111,0.6522865555830082
295_42.png,0.8434116954650968,0.7292237801640072
295_43.png,0.7350876096974629,0.5811371723609378
295_44.png,0.6842413591756127,0.5200356190306463
295_45.png,0.7470045093951032,0.5961749384438666
295_46.png,0.7899340474788498,0.6528024740422101
295_47.png,0.7229838513628862,0.5661509075200951
295_48.png,0.7829109666331215,0.6432651558344333
295_49.png,0.7414683678995478,0.5891535413796073
295_50.png,0.7334338309234943,0.5790726524360235
30_309.png,0.4542789293948402,0.2938945053783179
30_310.png,0.42895791733183786,0.2730403737538921
30_311.png,0.5496646595927507,0.3789914265894841
30_45.png,0.5601429938623254,0.38902682110203396
30_46.png,0.5538298356499445,0.3829631182971914
30_469.png,0.4511949246685133,0.29131808253353036
30_47.png,0.5472000796454305,0.37665205790305895
30_470.png,0.4986097965720229,0.33209874124153377
30_471.png,0.49856240845944266,0.3320566977692562
30_472.png,0.5546071953691558,0.3837069021559661
30_473.png,0.5222133252999678,0.35337531074655265
30_474.png,0.5441870059066088,0.373802822340933
30_475.png,0.5244881626101143,0.3554618467996252
30_476.png,0.5517132936445374,0.3809420408988035
30_477.png,0.6015960367058034,0.4302018962881294
30_478.png,0.6371643333088759,0.4675283667415682
30_479.png,0.6516956658878753,0.4833446347933241
30_48.png,0.6084864759575276,0.4372839110241047
30_49.png,0.6422988987219924,0.4730782778301756
30_603.png,0.6509332762458223,0.4825063615974839
30_604.png,0.6706704368306333,0.5045178077191161
30_605.png,0.8085724871587755,0.6786585659098414
30_606.png,0.7467079377402266,0.5957972290192988
30_607.png,0.7432375093499423,0.5913905889042453
30_608.png,0.6865409480894487,0.5226968798206921
30_609.png,0.7675033401269212,0.622722450471552
30_610.png,0.881903260127557,0.7887539859033885
30_611.png,0.8517934436627879,0.7418468733244612
30_612.png,0.7687634784895776,0.6243832644442553
30_613.png,0.6205500829950867,0.4498532896914295
30_614.png,0.5333618386887521,0.363662867157324
30_615.png,0.4367978023743884,0.2794250181868635
30_616.png,0.5882187676558768,0.4166500831122222
30_617.png,0.7869481766505307,0.6487341773974195
30_618.png,0.6359267915773634,0.46619696640248054
35_345.png,0.7138027562754303,0.5549714554326947
35_346.png,0.7246355299024932,0.5681791730428846
35_347.png,0.6789494752180496,0.5139466375702472
35_348.png,0.6563627841977545,0.48849702623471697
35_349.png,0.683982585082563,0.5197367279371105
35_350.png,0.748392282989802,0.5979447656555185
35_351.png,0.7208331356786031,0.5635176737577393
35_352.png,0.6922177501301668,0.5293065800915894
35_353.png,0.6827738235287205,0.5183421311977183
35_354.png,0.68224914850832,0.5177375888544318
35_355.png,0.6467111315953644,0.47788106941114505
35_356.png,0.6309357159826495,0.4608517827934824
35_54.png,0.8114516129285684,0.6827249288273567
35_55.png,0.8697796432489796,0.7695664284259665
35_56.png,0.933984698106133,0.8761456767673378
35_57.png,0.8889160813625565,0.8000440529074793
35_58.png,0.8271660245691285,0.7052711994451354
35_59.png,0.7882694927662298,0.6505320185453088
35_60.png,0.7571018193674925,0.6091422702239769
35_61.png,0.8146147062642062,0.6872151279453017
35_614.png,0.7956046669799859,0.6605843158051082
35_615.png,0.7556685573041699,0.607288807006457
35_616.png,0.776904877089593,0.6351957935116288
35_617.png,0.7520761648834403,0.6026619123470723
35_618.png,0.7659275094007918,0.6206503388469642
35_619.png,0.7591090511481469,0.6117451754371019
35_62.png,0.8091973562287711,0.6795394354365147
35_63.png,0.8132458436957303,0.685269008253544
35_64.png,0.8218418041425171,0.6975649000848527
35_65.png,0.8437567626242809,0.7297398465843701
35_66.png,0.8054693650945365,0.6742977882655906
35_67.png,0.8012076985182137,0.6683457155726894
35_68.png,0.8245192890782814,0.7014315772718694
35_69.png,0.831574567894452,0.7117052959316964
35_713.png,0.8403906179591527,0.724718712181977
35_714.png,0.8043063763650405,0.672669286262811
35_715.png,0.7995057151890119,0.6659804426718168
35_716.png,0.7930678498700696,0.6570939798250903
35_717.png,0.7381420831453479,0.5849644982433051
35_718.png,0.7568145485895575,0.6087704354734511
35_719.png,0.7944627472387044,0.6590113623236589
35_720.png,0.7989472266468808,0.6652057631498222
35_721.png,0.7936442170460893,0.6578856986437207
35_722.png,0.7822251298736941,0.6423396878176796
35_723.png,0.7899054808840601,0.6527634564424343
35_724.png,0.7590633375895186,0.6116858020410065
35_725.png,0.7537094493600847,0.6047622274074038
35_726.png,0.7725743910781535,0.6294266516049521
35_727.png,0.7406780352744903,0.5881562110908927
35_728.png,0.692898217118938,0.5301027251580518
40_218.png,0.6794534460417639,0.5145244172704148
40_220.png,0.7128783582849416,0.5538546903995513
40_221.png,0.783529411812757,0.6441005804006786
40_222.png,0.835820213459813,0.7179477115027292
40_223.png,0.8649101184007558,0.7619750052194325
40_224.png,0.7924959528158042,0.656309148400509
40_77.png,0.8694416583446334,0.7690374095475196
40_78.png,0.7853120914297461,0.6465134673551064
40_79.png,0.7717522771032131,0.628336013011119
40_80.png,0.7745507844920061,0.6320545762239503
40_81.png,0.8603408925702081,0.7549107334121987
45_165.png,0.6845853143825493,0.5204330786093835
45_166.png,0.6766312159330203,0.5112945266503368
45_167.png,0.662546962642931,0.49537960903343886
45_168.png,0.5961588373445258,0.4246625995233704
45_169.png,0.5578270730007626,0.38679624520895783
45_170.png,0.5967313662446742,0.4252438570904419
45_171.png,0.601108548545289,0.4297034970270699
45_172.png,0.5630024902947345,0.39179086017928627
45_173.png,0.5622790895726214,0.3910905695272173
45_174.png,0.5907537064528904,0.41919833975374277
45_175.png,0.5508094137615954,0.3800807285787851
45_176.png,0.5024923672031758,0.33555245816557044
45_177.png,0.5154559635840633,0.3472150041018608
50_79.png,0.7906218905733058,0.6537425181204635
50_80.png,0.7910134041106999,0.654278059690612
50_81.png,0.8081329186157421,0.6780394653672748
50_82.png,0.8276720858033354,0.7060073174188585
50_83.png,0.8867239394351096,0.7964996022737812
50_84.png,0.8345575561726608,0.7160864619531088
50_85.png,0.832261697440873,0.7127125107180028
50_86.png,0.8648883734593837,0.761941251651703
50_87.png,0.8615163398873835,0.7567226215912181
50_88.png,0.8122925565221834,0.6839163642735495
50_89.png,0.7867928008924092,0.6485230235342043
50_90.png,0.7852307692588896,0.6464032422241472
50_91.png,0.7927856137550422,0.6567065658210027
50_92.png,0.825185927992927,0.7023970411118863
50_93.png,0.8032957430259116,0.6712566938657633
55_45.png,0.608305416933547,0.4370969208716816
55_46.png,0.6182209379167167,0.44740939778114697
55_47.png,0.6270232520690527,0.45668890833407466
55_48.png,0.6353309991785419,0.4655568485141093
55_49.png,0.6365320340602157,0.4668478101931989
55_50.png,0.637770897905169,0.46818181833777656
55_51.png,0.644698013054358,0.47568587618647523
55_52.png,0.6609581889518068,0.4936053404786308
55_53.png,0.7005837847582491,0.5391527184575216
55_54.png,0.6459190637428567,0.47701658487003556
55_55.png,0.6496564038346468,0.4811045172408276
55_56.png,0.6023576072265379,0.43098120840238957
55_602.png,0.5815946010620496,0.41003411408673807
55_603.png,0.5665756418047377,0.39526023028391366
55_604.png,0.5581466708332231,0.3871036392170666
55_605.png,0.5621300766605608,0.3909464045669063
55_606.png,0.563720962132861,0.39248707763214613
55_607.png,0.5496578755813363,0.3789849763239774
55_608.png,0.5101298702047167,0.34239888437476435
55_609.png,0.5747709172604657,0.40328318045395295
55_610.png,0.7126924219259801,0.5536302544625016
55_611.png,0.671057868409007,0.5049564255323421
55_612.png,0.6382623858765282,0.468711724900147
55_613.png,0.5470767019270113,0.37653515691741973
55_614.png,0.6462969754972501,0.4774289219273308
55_615.png,0.6789080671483846,0.5138991847313136
55_616.png,0.6285999731736248,0.4583636874591303
5_150.png,0.5148898498165373,0.3467014549976325
5_151.png,0.6273712915259684,0.45705826180380926
5_152.png,0.625206916797157,0.4547643747305193
5_153.png,0.6462314330081254,0.4773573924180525
5_154.png,0.6510237633115007,0.48260580555514254
5_155.png,0.6212926370011197,0.45063416192724615
5_156.png,0.6503061289338754,0.4818175016869659
5_157.png,0.6298014756687456,0.4596425003775503
5_158.png,0.6388158940515033,0.46930895778512516
5_159.png,0.6055369109249142,0.43424377147883647
5_160.png,0.522950803449523,0.35405103955571593
5_161.png,0.5096235242248136,0.341942812827236
5_162.png,0.5576429287050262,0.38661919429794633
5_30.png,0.6628227194854968,0.4956879908135397
5_308.png,0.7023425747206302,0.541238820890977
5_309.png,0.7228045091058707,0.5659309904510154
5_31.png,0.666697837560877,0.5000350681196459
5_310.png,0.7812722476120898,0.6410555976356594
5_311.png,0.7943726019876274,0.6588873173762617
5_312.png,0.8342417690759536,0.7156215988726101
5_313.png,0.8142831657063658,0.6867433624946775
5_314.png,0.8854933629053527,0.7945160068681294
5_315.png,0.807660305471769,0.677374333188354
5_32.png,0.663030114985494,0.4959200072322257
5_33.png,0.5977133741472,0.42624194169096163
5_34.png,0.622690426237616,0.452106366037152
5_35.png,0.6007124067514114,0.4292987443908
60_191.png,0.737836429966101,0.5845806736399257
60_192.png,0.7428484444277177,0.590898083196867
60_193.png,0.6526445712787176,0.48438931362771787
60_194.png,0.5830539328525737,0.41148632712678135
60_195.png,0.6369918279055559,0.4673426330099205
60_196.png,0.6072722207133631,0.436030809323364
60_197.png,0.6415102439827951,0.4722231000991905
60_198.png,0.5823954901052462,0.41083072613075955
60_38.png,0.653114378406658,0.4849070834248821
60_39.png,0.7155064221053291,0.5570338649238022
60_40.png,0.7767643784137467,0.6350079778188013
60_41.png,0.7888218405045474,0.6512847299653887
60_42.png,0.7698149507923683,0.6257716685270862
65_210.png,0.7406209859878836,0.5880842683522519
65_211.png,0.7594524273036904,0.6121912968629535
65_212.png,0.7458176423889288,0.5946644344892515
65_213.png,0.7372276309993941,0.5838167267083088
65_214.png,0.7145112163771414,0.5558284331449622
65_215.png,0.7871410105336771,0.6489963115328732
65_216.png,0.8061453909787949,0.6752458673980396
65_217.png,0.8256233520116548,0.7030311386557755
65_218.png,0.817324085123739,0.6910803499751031
65_219.png,0.8168004855035944,0.6903319985618661
65_220.png,0.7842620171902542,0.6450913176369587
65_221.png,0.8164179276964325,0.6897856488678228
65_222.png,0.8764940239202552,0.7801418440219305
65_223.png,0.8584477171383682,0.7520003508007979
65_224.png,0.8429794130857661,0.7285777130122993
65_225.png,0.788455996045215,0.6507860989920663
65_226.png,0.767942803054181,0.6233012598890731
65_227.png,0.8110970597832601,0.6822231087136755
65_228.png,0.8169329550818377,0.6905212672748905
65_229.png,0.7839367850300837,0.6446513433118389
65_230.png,0.8301729467315268,0.7096544266554454
65_231.png,0.8345585538239265,0.7160879309757288
65_45.png,0.7659457060536767,0.6206742360174441
65_46.png,0.691479485707573,0.5284437486498281
65_47.png,0.6541144078012173,0.48601040953608554
65_48.png,0.7006097757332194,0.5391835052306501
65_49.png,0.6855137374449827,0.5215069620897678
65_50.png,0.7259329239777533,0.5697760641373316
70_314.png,0.8216414921361921,0.697276326961854
70_315.png,0.7565914123869264,0.6084817332078275
70_316.png,0.791219325203408,0.6545598732535448
70_317.png,0.8038151698888879,0.6719824141998472
70_318.png,0.859802451295495,0.7540820030142952
70_319.png,0.8151940370261295,0.6880401201414766
70_320.png,0.6802007529033373,0.5153819829199597
70_321.png,0.7537969625003433,0.6048749200014318
70_322.png,0.631073363704474,0.460998673800437
70_60.png,0.7518800261352141,0.6024100583002786
70_61.png,0.7362653698876032,0.5826107415531994
70_62.png,0.6937127783497117,0.5310568510094067
70_63.png,0.7374561928930985,0.584103449583933
70_64.png,0.7568220767770747,0.6087801775798733
70_65.png,0.7600975394014415,0.613030108126643
70_66.png,0.776273722926723,0.6343524181455059
70_67.png,0.7679892401345015,0.6233624455566321
70_68.png,0.7797544836051226,0.6390144222741327
70_69.png,0.730015742581333,0.5748226707613723
75_312.png,0.8114038476578649,0.6826573063438219
75_313.png,0.9132426265601925,0.8403371800304307
75_314.png,0.9224907523751257,0.8561325616655621
75_315.png,0.9134174840300683,0.8406333348996141
75_316.png,0.8851540117902065,0.7939697690708896
75_317.png,0.8742120292492761,0.7765334609912207
75_318.png,0.9111182144753852,0.8367466759045508
75_319.png,0.9121302959671008,0.838455462636259
75_320.png,0.9069862454122306,0.8298031398239384
75_321.png,0.8961097793563384,0.8117743618125312
75_322.png,0.855208322629402,0.7470427498387368
75_45.png,0.6491210527719216,0.48051755796166906
75_46.png,0.7476278605458488,0.5969694127108011
75_49.png,0.8725073225662533,0.7738474404772429
75_50.png,0.8602545762256044,0.7547778287210668
75_51.png,0.8170292324948849,0.6906588522454548
75_52.png,0.7933484090781713,0.6574792716356569
75_53.png,0.7582922070746824,0.6106849062555347
80_193.png,0.3758801270691472,0.23143619718222083
80_194.png,0.16759232994586662,0.09146017712515336
80_195.png,0.28506549769182454,0.16622529747788428
80_196.png,0.3169497891143001,0.18831867709826502
80_197.png,0.30715235445454137,0.18144122736669763
80_198.png,0.2766070079056457,0.1605014116224931
80_199.png,0.2422226126192337,0.13780050559715504
80_200.png,0.28381770900330006,0.16537736730335956
80_201.png,0.41166513304344715,0.2591803162493126
80_202.png,0.3565068842578422,0.21692021763379635
80_203.png,0.3726427809073841,0.22898646751457094
80_204.png,0.4820334094978535,0.3175520545592125
80_205.png,0.46819111190475066,0.30564590375795553
80_206.png,0.42875667603367584,0.27287732560177963
80_207.png,0.49689510184944796,0.33057912495265124
80_321.png,0.7514458025595416,0.6018527703077001
80_322.png,0.7178101421632087,0.5598313992482608
80_323.png,0.7274791473902364,0.5716834784655177
80_324.png,0.7194616626901668,0.5618431262675736
80_325.png,0.6689164633540402,0.5025352992429152
80_326.png,0.6686797973283862,0.5022681966656304
80_327.png,0.7005674793455952,0.5391334049739545
80_328.png,0.6841482328295498,0.5199280420086337
80_329.png,0.6935594259468247,0.5308771326988166
80_330.png,0.6852377679125208,0.5211875966898264
80_331.png,0.69338934476048,0.5306778588009696
80_332.png,0.6827083354962614,0.5182666481099467
80_333.png,0.679744677345336,0.5148585017850897
80_334.png,0.6548016089933093,0.48676954523797245
80_335.png,0.6407794351872316,0.47143153350442346
80_336.png,0.6285162933564918,0.4582747067032776
80_337.png,0.6046629153809476,0.43334540599635796
80_50.png,0.6722209953953724,0.5062747589122328
80_51.png,0.7691143767888863,0.6248463401704515
80_52.png,0.8068266199458513,0.676202330250321
80_53.png,0.8003652745890216,0.6671741469932456
80_54.png,0.7566413553030857,0.6085463422604841
80_55.png,0.7250158921648973,0.5686470033293713
80_56.png,0.7984243245154891,0.6644810983168771
80_57.png,0.8502775109603109,0.7395502124214843
80_58.png,0.7910767370646601,0.6543647238513837
80_59.png,0.7404415661182877,0.5878580510829672
80_60.png,0.7302968696448388,0.5751713548119458
85_181.png,0.7911302908955463,0.6544380134380414
85_182.png,0.749797450028805,0.5997407780753209
85_183.png,0.7009775976329704,0.5396193294313315
85_184.png,0.7204487386840868,0.5630479688527201
85_185.png,0.6995682087065511,0.5379507125566074
90_218.png,0.567758908708707,0.39641294489465595
90_219.png,0.4967348075260258,0.3304372442882943
90_220.png,0.6498162754408905,0.4812798908036256
95_158.png,0.6692913386635468,0.5029585800643321
95_159.png,0.5136900330786746,0.34561433661238566
95_160.png,0.5249707665515104,0.3559053304056313
95_161.png,0.4538984443966653,0.29357608684423375
95_162.png,0.4448189090849243,0.2860238668305863
95_163.png,0.4246994952310667,0.26959903466015844
95_42.png,0.697793204693279,0.5358543721885677
95_43.png,0.6978584935142315,0.535931379275084
95_44.png,0.6908498759784663,0.5277086740285477
95_45.png,0.7519787517039436,0.6025368180237403
95_46.png,0.7238476178633193,0.5672109601215279
95_47.png,0.7422736687041801,0.5901710493770306
95_48.png,0.79759567362516,0.6633340018725945
95_49.png,0.7657886541713864,0.6204680072191909
95_50.png,0.7041363873755655,0.5433722967338572
95_51.png,0.7049750719668366,0.5443718161519524
95_52.png,0.7254119184546111,0.5691343964535001
95_53.png,0.7659853741224475,0.6207263334800368
95_54.png,0.7266122253322607,0.5706134767834645
95_55.png,0.7143413705446602,0.5556228957226436
95_56.png,0.6896207723539799,0.5262757206999226
95_57.png,0.644728963673517,0.4757195767186705
